clients,n_trees,max_depth,random_state,split,acc,mcc
2,5,10,0,0,1.0,1.0
2,5,10,0,1,0.9473684210526315,0.8864143349643965
2,5,10,0,2,0.9298245614035088,0.8486684247915055
2,5,10,0,3,0.9473684210526315,0.8864143349643965
2,5,10,0,4,0.9473684210526315,0.8894991799933214
2,5,10,0,0,0.9649122807017544,0.925974025974026
2,5,10,0,1,0.9649122807017544,0.9258200997725514
2,5,10,0,2,0.9122807017543859,0.8179178119091964
2,5,10,0,3,1.0,1.0
2,5,10,0,4,0.9821428571428571,0.9622504486493763
2,5,10,1,0,1.0,1.0
2,5,10,1,1,0.9473684210526315,0.8886350389948482
2,5,10,1,2,0.9473684210526315,0.8864143349643965
2,5,10,1,3,0.9298245614035088,0.8492063492063492
2,5,10,1,4,0.9649122807017544,0.9246031746031746
2,5,10,1,0,0.9298245614035088,0.851823761469308
2,5,10,1,1,0.9824561403508771,0.962621902223779
2,5,10,1,2,0.9298245614035088,0.8535639569308375
2,5,10,1,3,0.9122807017543859,0.8219277191853159
2,5,10,1,4,0.9464285714285714,0.8852704127574261
2,5,10,2,0,0.9298245614035088,0.8519480519480519
2,5,10,2,1,0.9298245614035088,0.8544784126535336
2,5,10,2,2,0.9122807017543859,0.8339741126155059
2,5,10,2,3,0.9122807017543859,0.8139267835041308
2,5,10,2,4,0.9824561403508771,0.962621902223779
2,5,10,2,0,0.9298245614035088,0.851823761469308
2,5,10,2,1,0.9649122807017544,0.9258200997725514
2,5,10,2,2,0.9473684210526315,0.8864143349643965
2,5,10,2,3,0.9824561403508771,0.9633432944855655
2,5,10,2,4,0.9464285714285714,0.8852704127574261
2,10,10,0,0,0.9298245614035088,0.851823761469308
2,10,10,0,1,0.9649122807017544,0.9258200997725514
2,10,10,0,2,0.9649122807017544,0.9258200997725514
2,10,10,0,3,0.9473684210526315,0.8886350389948482
2,10,10,0,4,0.9642857142857143,0.9238095238095239
2,10,10,0,0,0.9473684210526315,0.8886350389948482
2,10,10,0,1,0.9298245614035088,0.8544784126535336
2,10,10,0,2,0.9298245614035088,0.8492063492063492
2,10,10,0,3,0.9122807017543859,0.8139267835041308
2,10,10,0,4,0.9298245614035088,0.8544784126535336
2,10,10,1,0,0.9298245614035088,0.851823761469308
2,10,10,1,1,0.9649122807017544,0.9258200997725514
2,10,10,1,2,0.9649122807017544,0.9258200997725514
2,10,10,1,3,0.9473684210526315,0.8886350389948482
2,10,10,1,4,0.9642857142857143,0.9238095238095239
2,10,10,1,0,0.9473684210526315,0.8886350389948482
2,10,10,1,1,0.9298245614035088,0.8544784126535336
2,10,10,1,2,0.9298245614035088,0.8492063492063492
2,10,10,1,3,0.9122807017543859,0.8139267835041308
2,10,10,1,4,0.9298245614035088,0.8544784126535336
2,10,10,2,0,0.9298245614035088,0.851823761469308
2,10,10,2,1,0.9649122807017544,0.9246031746031746
2,10,10,2,2,0.9298245614035088,0.8486684247915055
2,10,10,2,3,0.9298245614035088,0.8544784126535336
2,10,10,2,4,0.9285714285714286,0.8476190476190476
2,10,10,2,0,0.9473684210526315,0.8904905361044291
2,10,10,2,1,0.9298245614035088,0.8544784126535336
2,10,10,2,2,0.8771929824561403,0.7339992004456315
2,10,10,2,3,0.9122807017543859,0.8139267835041308
2,10,10,2,4,0.9649122807017544,0.9246031746031746
2,50,10,0,0,0.9298245614035088,0.851823761469308
2,50,10,0,1,0.9824561403508771,0.962621902223779
2,50,10,0,2,0.9473684210526315,0.8894991799933214
2,50,10,0,3,0.9649122807017544,0.9246031746031746
2,50,10,0,4,0.9821428571428571,0.9622504486493763
2,50,10,0,0,0.9473684210526315,0.8886350389948482
2,50,10,0,1,0.9473684210526315,0.8886350389948482
2,50,10,0,2,0.9122807017543859,0.810206767705014
2,50,10,0,3,0.9473684210526315,0.8864143349643965
2,50,10,0,4,0.9649122807017544,0.9246031746031746
2,50,10,1,0,0.9298245614035088,0.851823761469308
2,50,10,1,1,0.9824561403508771,0.962621902223779
2,50,10,1,2,0.9473684210526315,0.8894991799933214
2,50,10,1,3,0.9649122807017544,0.9246031746031746
2,50,10,1,4,0.9642857142857143,0.9238095238095239
2,50,10,1,0,0.9473684210526315,0.8886350389948482
2,50,10,1,1,0.8947368421052632,0.7803455823319942
2,50,10,1,2,0.9122807017543859,0.8139267835041308
2,50,10,1,3,0.9298245614035088,0.8492063492063492
2,50,10,1,4,0.9649122807017544,0.9246031746031746
2,50,10,2,0,0.9298245614035088,0.851823761469308
2,50,10,2,1,0.9824561403508771,0.962621902223779
2,50,10,2,2,0.9298245614035088,0.8486684247915055
2,50,10,2,3,0.9473684210526315,0.8886350389948482
2,50,10,2,4,0.9642857142857143,0.9251247785330668
2,50,10,2,0,0.9473684210526315,0.8886350389948482
2,50,10,2,1,0.9473684210526315,0.8886350389948482
2,50,10,2,2,0.8947368421052632,0.7738095238095238
2,50,10,2,3,0.9298245614035088,0.8492063492063492
2,50,10,2,4,0.9824561403508771,0.962621902223779
2,100,3,0,0,0.9298245614035088,0.851823761469308
2,100,3,0,1,0.9824561403508771,0.962621902223779
2,100,3,0,2,0.9298245614035088,0.8535639569308375
2,100,3,0,3,0.9649122807017544,0.9246031746031746
2,100,3,0,4,0.9821428571428571,0.9622504486493763
2,100,3,0,0,0.9473684210526315,0.8886350389948482
2,100,3,0,1,0.9649122807017544,0.9246031746031746
2,100,3,0,2,0.8947368421052632,0.7738095238095238
2,100,3,0,3,0.9298245614035088,0.8492063492063492
2,100,3,0,4,0.9473684210526315,0.8864143349643965
2,100,3,1,0,0.9473684210526315,0.8886350389948482
2,100,3,1,1,0.9298245614035088,0.8544784126535336
2,100,3,1,2,0.8947368421052632,0.7738095238095238
2,100,3,1,3,0.9473684210526315,0.8864143349643965
2,100,3,1,4,0.9473684210526315,0.8864143349643965
2,100,3,1,0,0.9298245614035088,0.851823761469308
2,100,3,1,1,0.9824561403508771,0.962621902223779
2,100,3,1,2,0.9298245614035088,0.8535639569308375
2,100,3,1,3,0.9649122807017544,0.9246031746031746
2,100,3,1,4,0.9821428571428571,0.9622504486493763
2,100,3,2,0,0.9298245614035088,0.851823761469308
2,100,3,2,1,0.9824561403508771,0.962621902223779
2,100,3,2,2,0.9298245614035088,0.8535639569308375
2,100,3,2,3,0.9649122807017544,0.9246031746031746
2,100,3,2,4,0.9464285714285714,0.8852704127574261
2,100,3,2,0,0.9298245614035088,0.8519480519480519
2,100,3,2,1,0.9298245614035088,0.8492063492063492
2,100,3,2,2,0.9122807017543859,0.8139267835041308
2,100,3,2,3,0.9298245614035088,0.8492063492063492
2,100,3,2,4,0.9473684210526315,0.8864143349643965
2,100,7,0,0,0.9298245614035088,0.851823761469308
2,100,7,0,1,0.9824561403508771,0.962621902223779
2,100,7,0,2,0.9298245614035088,0.8535639569308375
2,100,7,0,3,0.9649122807017544,0.9246031746031746
2,100,7,0,4,0.9821428571428571,0.9622504486493763
2,100,7,0,0,0.9473684210526315,0.8886350389948482
2,100,7,0,1,0.9473684210526315,0.8886350389948482
2,100,7,0,2,0.8947368421052632,0.7738095238095238
2,100,7,0,3,0.9298245614035088,0.8492063492063492
2,100,7,0,4,0.9649122807017544,0.9246031746031746
2,100,7,1,0,0.9473684210526315,0.8886350389948482
2,100,7,1,1,0.9298245614035088,0.8544784126535336
2,100,7,1,2,0.9122807017543859,0.8139267835041308
2,100,7,1,3,0.9473684210526315,0.8864143349643965
2,100,7,1,4,0.9649122807017544,0.9246031746031746
2,100,7,1,0,0.9298245614035088,0.851823761469308
2,100,7,1,1,0.9824561403508771,0.962621902223779
2,100,7,1,2,0.9298245614035088,0.8535639569308375
2,100,7,1,3,0.9649122807017544,0.9246031746031746
2,100,7,1,4,0.9821428571428571,0.9622504486493763
2,100,7,2,0,0.9298245614035088,0.851823761469308
2,100,7,2,1,0.9824561403508771,0.962621902223779
2,100,7,2,2,0.9298245614035088,0.8535639569308375
2,100,7,2,3,0.9649122807017544,0.9246031746031746
2,100,7,2,4,0.9642857142857143,0.9251247785330668
2,100,7,2,0,0.9473684210526315,0.8886350389948482
2,100,7,2,1,0.9473684210526315,0.8886350389948482
2,100,7,2,2,0.9122807017543859,0.8139267835041308
2,100,7,2,3,0.9298245614035088,0.8492063492063492
2,100,7,2,4,0.9649122807017544,0.9246031746031746
2,100,10,0,0,0.9298245614035088,0.851823761469308
2,100,10,0,1,0.9824561403508771,0.962621902223779
2,100,10,0,2,0.9298245614035088,0.8535639569308375
2,100,10,0,3,0.9649122807017544,0.9246031746031746
2,100,10,0,4,0.9821428571428571,0.9622504486493763
2,100,10,0,0,0.9473684210526315,0.8886350389948482
2,100,10,0,1,0.9473684210526315,0.8886350389948482
2,100,10,0,2,0.8947368421052632,0.7738095238095238
2,100,10,0,3,0.9298245614035088,0.8492063492063492
2,100,10,0,4,0.9649122807017544,0.9246031746031746
2,100,10,1,0,0.9473684210526315,0.8886350389948482
2,100,10,1,1,0.9298245614035088,0.8544784126535336
2,100,10,1,2,0.9122807017543859,0.8139267835041308
2,100,10,1,3,0.9473684210526315,0.8864143349643965
2,100,10,1,4,0.9649122807017544,0.9246031746031746
2,100,10,1,0,0.9298245614035088,0.851823761469308
2,100,10,1,1,0.9824561403508771,0.962621902223779
2,100,10,1,2,0.9298245614035088,0.8535639569308375
2,100,10,1,3,0.9649122807017544,0.9246031746031746
2,100,10,1,4,0.9821428571428571,0.9622504486493763
2,100,10,2,0,0.9298245614035088,0.851823761469308
2,100,10,2,1,0.9824561403508771,0.962621902223779
2,100,10,2,2,0.9298245614035088,0.8535639569308375
2,100,10,2,3,0.9473684210526315,0.8886350389948482
2,100,10,2,4,0.9642857142857143,0.9251247785330668
2,100,10,2,0,0.9473684210526315,0.8886350389948482
2,100,10,2,1,0.9473684210526315,0.8886350389948482
2,100,10,2,2,0.9122807017543859,0.8139267835041308
2,100,10,2,3,0.9298245614035088,0.8492063492063492
2,100,10,2,4,0.9649122807017544,0.9246031746031746
2,200,10,0,0,0.9298245614035088,0.851823761469308
2,200,10,0,1,0.9824561403508771,0.962621902223779
2,200,10,0,2,0.9298245614035088,0.8535639569308375
2,200,10,0,3,0.9649122807017544,0.9246031746031746
2,200,10,0,4,0.9821428571428571,0.9622504486493763
2,200,10,0,0,0.9473684210526315,0.8886350389948482
2,200,10,0,1,0.9473684210526315,0.8886350389948482
2,200,10,0,2,0.8947368421052632,0.7738095238095238
2,200,10,0,3,0.9298245614035088,0.8492063492063492
2,200,10,0,4,0.9649122807017544,0.9246031746031746
2,200,10,1,0,0.9473684210526315,0.8886350389948482
2,200,10,1,1,0.9298245614035088,0.8544784126535336
2,200,10,1,2,0.9122807017543859,0.8139267835041308
2,200,10,1,3,0.9473684210526315,0.8864143349643965
2,200,10,1,4,0.9649122807017544,0.9246031746031746
2,200,10,1,0,0.9298245614035088,0.851823761469308
2,200,10,1,1,0.9824561403508771,0.962621902223779
2,200,10,1,2,0.9298245614035088,0.8535639569308375
2,200,10,1,3,0.9473684210526315,0.8886350389948482
2,200,10,1,4,0.9821428571428571,0.9622504486493763
2,200,10,2,0,0.9473684210526315,0.8886350389948482
2,200,10,2,1,0.9298245614035088,0.8492063492063492
2,200,10,2,2,0.9122807017543859,0.8139267835041308
2,200,10,2,3,0.9298245614035088,0.8492063492063492
2,200,10,2,4,0.9649122807017544,0.9246031746031746
2,200,10,2,0,0.9298245614035088,0.851823761469308
2,200,10,2,1,0.9824561403508771,0.962621902223779
2,200,10,2,2,0.9298245614035088,0.8535639569308375
2,200,10,2,3,0.9649122807017544,0.9246031746031746
2,200,10,2,4,0.9821428571428571,0.9622504486493763
3,5,10,0,0,1.0,1.0
3,5,10,0,1,0.8947368421052632,0.7738095238095238
3,5,10,0,2,0.868421052631579,0.7154191744410605
3,5,10,0,3,0.9736842105263158,0.9457507306074072
3,5,10,0,4,0.8918918918918919,0.7701863354037267
3,5,10,0,0,0.9473684210526315,0.8975670439947498
3,5,10,0,1,0.868421052631579,0.7391561905869195
3,5,10,0,2,0.9736842105263158,0.9441549509633318
3,5,10,0,3,0.8421052631578947,0.6547702297173061
3,5,10,0,4,0.9736842105263158,0.9457507306074072
3,5,10,0,0,1.0,1.0
3,5,10,0,1,0.8947368421052632,0.7738095238095238
3,5,10,0,2,0.868421052631579,0.7154191744410605
3,5,10,0,3,0.9736842105263158,0.9457507306074072
3,5,10,0,4,0.8918918918918919,0.7701863354037267
3,5,10,0,0,0.9210526315789473,0.8379188724993879
3,5,10,0,1,0.8947368421052632,0.7738095238095238
3,5,10,0,2,0.9736842105263158,0.9441549509633318
3,5,10,0,3,0.9473684210526315,0.8894991799933215
3,5,10,0,4,0.9473684210526315,0.8869047619047619
3,5,10,0,0,0.9473684210526315,0.8975670439947498
3,5,10,0,1,0.868421052631579,0.7391561905869195
3,5,10,0,2,0.9736842105263158,0.9441549509633318
3,5,10,0,3,0.8421052631578947,0.6547702297173061
3,5,10,0,4,0.9736842105263158,0.9457507306074072
3,5,10,0,0,0.9210526315789473,0.8379188724993879
3,5,10,0,1,0.8947368421052632,0.7738095238095238
3,5,10,0,2,0.9736842105263158,0.9441549509633318
3,5,10,0,3,0.9473684210526315,0.8894991799933215
3,5,10,0,4,0.9473684210526315,0.8869047619047619
3,5,10,1,0,0.8947368421052632,0.7892891148779229
3,5,10,1,1,0.9210526315789473,0.8341403959394523
3,5,10,1,2,0.9736842105263158,0.9457507306074072
3,5,10,1,3,0.9473684210526315,0.8894991799933215
3,5,10,1,4,0.8947368421052632,0.7738095238095238
3,5,10,1,0,1.0,1.0
3,5,10,1,1,0.8947368421052632,0.7738095238095238
3,5,10,1,2,0.8421052631578947,0.6761234037828132
3,5,10,1,3,0.9736842105263158,0.9441549509633318
3,5,10,1,4,0.972972972972973,0.9448564034753673
3,5,10,1,0,1.0,1.0
3,5,10,1,1,0.8947368421052632,0.7738095238095238
3,5,10,1,2,0.8421052631578947,0.6761234037828132
3,5,10,1,3,0.9736842105263158,0.9441549509633318
3,5,10,1,4,0.972972972972973,0.9448564034753673
3,5,10,1,0,0.9210526315789473,0.8379188724993879
3,5,10,1,1,0.8947368421052632,0.8050764858994133
3,5,10,1,2,0.9736842105263158,0.9441549509633318
3,5,10,1,3,0.8947368421052632,0.7721347048553138
3,5,10,1,4,1.0,1.0
3,5,10,1,0,0.8947368421052632,0.7892891148779229
3,5,10,1,1,0.9210526315789473,0.8341403959394523
3,5,10,1,2,0.9736842105263158,0.9457507306074072
3,5,10,1,3,0.9473684210526315,0.8894991799933215
3,5,10,1,4,0.8947368421052632,0.7738095238095238
3,5,10,1,0,0.9210526315789473,0.8379188724993879
3,5,10,1,1,0.8947368421052632,0.8050764858994133
3,5,10,1,2,0.9736842105263158,0.9441549509633318
3,5,10,1,3,0.8947368421052632,0.7721347048553138
3,5,10,1,4,1.0,1.0
3,5,10,2,0,1.0,1.0
3,5,10,2,1,0.8947368421052632,0.7738095238095238
3,5,10,2,2,0.9210526315789473,0.8291617197562594
3,5,10,2,3,0.9473684210526315,0.8869047619047619
3,5,10,2,4,0.8648648648648649,0.7117751126385615
3,5,10,2,0,0.868421052631579,0.7434307035293071
3,5,10,2,1,0.9210526315789473,0.8341403959394523
3,5,10,2,2,0.9210526315789473,0.8341403959394523
3,5,10,2,3,0.9210526315789473,0.8291617197562594
3,5,10,2,4,0.9473684210526315,0.8894991799933215
3,5,10,2,0,0.8947368421052632,0.7797101449275362
3,5,10,2,1,0.8947368421052632,0.8050764858994133
3,5,10,2,2,0.9736842105263158,0.9441549509633318
3,5,10,2,3,0.868421052631579,0.729396808625797
3,5,10,2,4,0.9736842105263158,0.9457507306074072
3,5,10,2,0,0.868421052631579,0.7434307035293071
3,5,10,2,1,0.9210526315789473,0.8341403959394523
3,5,10,2,2,0.9210526315789473,0.8341403959394523
3,5,10,2,3,0.9210526315789473,0.8291617197562594
3,5,10,2,4,0.9473684210526315,0.8894991799933215
3,5,10,2,0,0.8947368421052632,0.7797101449275362
3,5,10,2,1,0.8947368421052632,0.8050764858994133
3,5,10,2,2,0.9736842105263158,0.9441549509633318
3,5,10,2,3,0.868421052631579,0.729396808625797
3,5,10,2,4,0.9736842105263158,0.9457507306074072
3,5,10,2,0,1.0,1.0
3,5,10,2,1,0.8947368421052632,0.7738095238095238
3,5,10,2,2,0.9210526315789473,0.8291617197562594
3,5,10,2,3,0.9473684210526315,0.8869047619047619
3,5,10,2,4,0.8648648648648649,0.7117751126385615
3,10,10,0,0,0.9210526315789473,0.8512565307587486
3,10,10,0,1,0.9210526315789473,0.8341403959394523
3,10,10,0,2,0.9736842105263158,0.9457507306074072
3,10,10,0,3,0.9473684210526315,0.8869047619047619
3,10,10,0,4,0.9736842105263158,0.9457507306074072
3,10,10,0,0,1.0,1.0
3,10,10,0,1,0.8947368421052632,0.8050764858994133
3,10,10,0,2,0.9736842105263158,0.9441549509633318
3,10,10,0,3,0.8947368421052632,0.7738095238095238
3,10,10,0,4,0.9736842105263158,0.9457507306074072
3,10,10,0,0,1.0,1.0
3,10,10,0,1,0.8947368421052632,0.7738095238095238
3,10,10,0,2,0.8947368421052632,0.7721347048553138
3,10,10,0,3,0.9210526315789473,0.8341403959394523
3,10,10,0,4,0.9459459459459459,0.8850931677018633
3,10,10,1,0,1.0,1.0
3,10,10,1,1,0.9210526315789473,0.8341403959394523
3,10,10,1,2,0.9210526315789473,0.835710894037345
3,10,10,1,3,0.9473684210526315,0.8869047619047619
3,10,10,1,4,0.972972972972973,0.9448564034753673
3,10,10,1,0,0.8947368421052632,0.7892891148779229
3,10,10,1,1,0.8947368421052632,0.8050764858994133
3,10,10,1,2,0.9736842105263158,0.9441549509633318
3,10,10,1,3,0.8947368421052632,0.7721347048553138
3,10,10,1,4,1.0,1.0
3,10,10,1,0,0.8947368421052632,0.7892891148779229
3,10,10,1,1,0.9210526315789473,0.8341403959394523
3,10,10,1,2,0.9736842105263158,0.9457507306074072
3,10,10,1,3,0.9210526315789473,0.8291617197562594
3,10,10,1,4,0.8947368421052632,0.7850960525237098
3,10,10,2,0,1.0,1.0
3,10,10,2,1,0.8947368421052632,0.7738095238095238
3,10,10,2,2,0.9473684210526315,0.8894991799933215
3,10,10,2,3,0.9473684210526315,0.8869047619047619
3,10,10,2,4,0.918918918918919,0.8313509264344952
3,10,10,2,0,0.8947368421052632,0.7797101449275362
3,10,10,2,1,0.8947368421052632,0.8050764858994133
3,10,10,2,2,0.9736842105263158,0.9441549509633318
3,10,10,2,3,0.9210526315789473,0.835710894037345
3,10,10,2,4,0.9736842105263158,0.9457507306074072
3,10,10,2,0,0.8947368421052632,0.8075728530872482
3,10,10,2,1,0.9210526315789473,0.8341403959394523
3,10,10,2,2,0.9736842105263158,0.9457507306074072
3,10,10,2,3,0.9473684210526315,0.8894991799933215
3,10,10,2,4,0.9473684210526315,0.8869047619047619
3,50,10,0,0,0.9473684210526315,0.8898550724637682
3,50,10,0,1,0.8947368421052632,0.8050764858994133
3,50,10,0,2,0.9736842105263158,0.9441549509633318
3,50,10,0,3,0.9473684210526315,0.8894991799933215
3,50,10,0,4,1.0,1.0
3,50,10,0,0,0.9473684210526315,0.8975670439947498
3,50,10,0,1,0.9210526315789473,0.8341403959394523
3,50,10,0,2,0.9736842105263158,0.9457507306074072
3,50,10,0,3,0.9473684210526315,0.8894991799933215
3,50,10,0,4,0.9210526315789473,0.8341403959394523
3,50,10,0,0,1.0,1.0
3,50,10,0,1,0.8947368421052632,0.7738095238095238
3,50,10,0,2,0.9210526315789473,0.835710894037345
3,50,10,0,3,0.9210526315789473,0.8341403959394523
3,50,10,0,4,0.972972972972973,0.9448564034753673
3,50,10,1,0,0.8947368421052632,0.8075728530872482
3,50,10,1,1,0.9210526315789473,0.8341403959394523
3,50,10,1,2,0.9736842105263158,0.9457507306074072
3,50,10,1,3,0.9210526315789473,0.8291617197562594
3,50,10,1,4,0.8947368421052632,0.7850960525237098
3,50,10,1,0,0.8947368421052632,0.7797101449275362
3,50,10,1,1,0.8947368421052632,0.8050764858994133
3,50,10,1,2,1.0,1.0
3,50,10,1,3,0.9210526315789473,0.835710894037345
3,50,10,1,4,1.0,1.0
3,50,10,1,0,1.0,1.0
3,50,10,1,1,0.8947368421052632,0.7738095238095238
3,50,10,1,2,0.9473684210526315,0.8894991799933215
3,50,10,1,3,0.9210526315789473,0.8341403959394523
3,50,10,1,4,0.972972972972973,0.9448564034753673
3,50,10,2,0,1.0,1.0
3,50,10,2,1,0.8947368421052632,0.7738095238095238
3,50,10,2,2,0.9210526315789473,0.835710894037345
3,50,10,2,3,0.9473684210526315,0.8955910525085282
3,50,10,2,4,0.972972972972973,0.9448564034753673
3,50,10,2,0,0.9210526315789473,0.8379188724993879
3,50,10,2,1,0.8947368421052632,0.8050764858994133
3,50,10,2,2,0.9736842105263158,0.9441549509633318
3,50,10,2,3,0.9473684210526315,0.8894991799933215
3,50,10,2,4,1.0,1.0
3,50,10,2,0,0.9210526315789473,0.8512565307587486
3,50,10,2,1,0.9210526315789473,0.8341403959394523
3,50,10,2,2,0.9473684210526315,0.8869047619047619
3,50,10,2,3,0.9473684210526315,0.8894991799933215
3,50,10,2,4,0.9210526315789473,0.8341403959394523
3,100,3,0,0,1.0,1.0
3,100,3,0,1,0.8947368421052632,0.7738095238095238
3,100,3,0,2,0.9210526315789473,0.835710894037345
3,100,3,0,3,0.8947368421052632,0.7850960525237098
3,100,3,0,4,0.972972972972973,0.9448564034753673
3,100,3,0,0,0.8947368421052632,0.7797101449275362
3,100,3,0,1,0.8947368421052632,0.8050764858994133
3,100,3,0,2,0.9736842105263158,0.9441549509633318
3,100,3,0,3,0.9210526315789473,0.835710894037345
3,100,3,0,4,1.0,1.0
3,100,3,0,0,0.9210526315789473,0.8512565307587486
3,100,3,0,1,0.9210526315789473,0.8341403959394523
3,100,3,0,2,0.9736842105263158,0.9457507306074072
3,100,3,0,3,0.9210526315789473,0.8291617197562594
3,100,3,0,4,0.9210526315789473,0.8341403959394523
3,100,3,1,0,0.9210526315789473,0.8512565307587486
3,100,3,1,1,0.9210526315789473,0.8341403959394523
3,100,3,1,2,0.9736842105263158,0.9457507306074072
3,100,3,1,3,0.9210526315789473,0.8291617197562594
3,100,3,1,4,0.9210526315789473,0.8341403959394523
3,100,3,1,0,1.0,1.0
3,100,3,1,1,0.8947368421052632,0.7738095238095238
3,100,3,1,2,0.9210526315789473,0.835710894037345
3,100,3,1,3,0.8947368421052632,0.7850960525237098
3,100,3,1,4,0.972972972972973,0.9448564034753673
3,100,3,1,0,0.9210526315789473,0.8341403959394523
3,100,3,1,1,0.8947368421052632,0.8050764858994133
3,100,3,1,2,1.0,1.0
3,100,3,1,3,0.9210526315789473,0.835710894037345
3,100,3,1,4,1.0,1.0
3,100,3,2,0,1.0,1.0
3,100,3,2,1,0.8947368421052632,0.7738095238095238
3,100,3,2,2,0.9210526315789473,0.835710894037345
3,100,3,2,3,0.8947368421052632,0.7850960525237098
3,100,3,2,4,0.9459459459459459,0.893819357296686
3,100,3,2,0,0.9210526315789473,0.8379188724993879
3,100,3,2,1,0.868421052631579,0.7391561905869195
3,100,3,2,2,1.0,1.0
3,100,3,2,3,0.9473684210526315,0.8894991799933215
3,100,3,2,4,1.0,1.0
3,100,3,2,0,0.9210526315789473,0.8512565307587486
3,100,3,2,1,0.9210526315789473,0.8341403959394523
3,100,3,2,2,0.9736842105263158,0.9457507306074072
3,100,3,2,3,0.9210526315789473,0.8291617197562594
3,100,3,2,4,0.8947368421052632,0.7850960525237098
3,100,7,0,0,0.8947368421052632,0.7797101449275362
3,100,7,0,1,0.8947368421052632,0.8050764858994133
3,100,7,0,2,0.9736842105263158,0.9441549509633318
3,100,7,0,3,0.9210526315789473,0.835710894037345
3,100,7,0,4,1.0,1.0
3,100,7,0,0,1.0,1.0
3,100,7,0,1,0.8947368421052632,0.7738095238095238
3,100,7,0,2,0.9210526315789473,0.835710894037345
3,100,7,0,3,0.8947368421052632,0.7850960525237098
3,100,7,0,4,0.972972972972973,0.9448564034753673
3,100,7,0,0,0.9473684210526315,0.8975670439947498
3,100,7,0,1,0.9210526315789473,0.8341403959394523
3,100,7,0,2,0.9736842105263158,0.9457507306074072
3,100,7,0,3,0.9473684210526315,0.8869047619047619
3,100,7,0,4,0.9210526315789473,0.8341403959394523
3,100,7,1,0,1.0,1.0
3,100,7,1,1,0.8947368421052632,0.7738095238095238
3,100,7,1,2,0.9210526315789473,0.835710894037345
3,100,7,1,3,0.9210526315789473,0.8341403959394523
3,100,7,1,4,0.972972972972973,0.9448564034753673
3,100,7,1,0,0.9210526315789473,0.8512565307587486
3,100,7,1,1,0.9210526315789473,0.8341403959394523
3,100,7,1,2,0.9736842105263158,0.9457507306074072
3,100,7,1,3,0.9210526315789473,0.8291617197562594
3,100,7,1,4,0.9210526315789473,0.8341403959394523
3,100,7,1,0,0.9210526315789473,0.8379188724993879
3,100,7,1,1,0.8947368421052632,0.8050764858994133
3,100,7,1,2,1.0,1.0
3,100,7,1,3,0.9210526315789473,0.835710894037345
3,100,7,1,4,1.0,1.0
3,100,7,2,0,0.9473684210526315,0.8975670439947498
3,100,7,2,1,0.8947368421052632,0.8050764858994133
3,100,7,2,2,1.0,1.0
3,100,7,2,3,0.9473684210526315,0.8894991799933215
3,100,7,2,4,1.0,1.0
3,100,7,2,0,0.9210526315789473,0.8512565307587486
3,100,7,2,1,0.9210526315789473,0.8341403959394523
3,100,7,2,2,0.9736842105263158,0.9457507306074072
3,100,7,2,3,0.9210526315789473,0.8291617197562594
3,100,7,2,4,0.9210526315789473,0.8341403959394523
3,100,7,2,0,1.0,1.0
3,100,7,2,1,0.8947368421052632,0.7738095238095238
3,100,7,2,2,0.8947368421052632,0.7721347048553138
3,100,7,2,3,0.8947368421052632,0.7850960525237098
3,100,7,2,4,0.9459459459459459,0.893819357296686
3,100,10,0,0,1.0,1.0
3,100,10,0,1,0.8947368421052632,0.7738095238095238
3,100,10,0,2,0.9210526315789473,0.835710894037345
3,100,10,0,3,0.8947368421052632,0.7850960525237098
3,100,10,0,4,0.972972972972973,0.9448564034753673
3,100,10,0,0,0.9473684210526315,0.8975670439947498
3,100,10,0,1,0.9210526315789473,0.8341403959394523
3,100,10,0,2,0.9736842105263158,0.9457507306074072
3,100,10,0,3,0.9473684210526315,0.8869047619047619
3,100,10,0,4,0.9210526315789473,0.8341403959394523
3,100,10,0,0,0.8947368421052632,0.7797101449275362
3,100,10,0,1,0.8947368421052632,0.8050764858994133
3,100,10,0,2,0.9736842105263158,0.9441549509633318
3,100,10,0,3,0.9210526315789473,0.835710894037345
3,100,10,0,4,1.0,1.0
3,100,10,1,0,0.9210526315789473,0.8379188724993879
3,100,10,1,1,0.8947368421052632,0.8050764858994133
3,100,10,1,2,1.0,1.0
3,100,10,1,3,0.9210526315789473,0.835710894037345
3,100,10,1,4,1.0,1.0
3,100,10,1,0,0.9210526315789473,0.8512565307587486
3,100,10,1,1,0.9210526315789473,0.8341403959394523
3,100,10,1,2,0.9736842105263158,0.9457507306074072
3,100,10,1,3,0.9210526315789473,0.8291617197562594
3,100,10,1,4,0.9210526315789473,0.8341403959394523
3,100,10,1,0,1.0,1.0
3,100,10,1,1,0.8947368421052632,0.7738095238095238
3,100,10,1,2,0.9210526315789473,0.835710894037345
3,100,10,1,3,0.9210526315789473,0.8341403959394523
3,100,10,1,4,0.972972972972973,0.9448564034753673
3,100,10,2,0,1.0,1.0
3,100,10,2,1,0.8947368421052632,0.7738095238095238
3,100,10,2,2,0.8947368421052632,0.7721347048553138
3,100,10,2,3,0.8947368421052632,0.7850960525237098
3,100,10,2,4,0.9459459459459459,0.893819357296686
3,100,10,2,0,0.9210526315789473,0.8512565307587486
3,100,10,2,1,0.9210526315789473,0.8341403959394523
3,100,10,2,2,0.9736842105263158,0.9457507306074072
3,100,10,2,3,0.9210526315789473,0.8291617197562594
3,100,10,2,4,0.9210526315789473,0.8341403959394523
3,100,10,2,0,0.9473684210526315,0.8975670439947498
3,100,10,2,1,0.8947368421052632,0.8050764858994133
3,100,10,2,2,1.0,1.0
3,100,10,2,3,0.9473684210526315,0.8894991799933215
3,100,10,2,4,1.0,1.0
3,200,10,0,0,1.0,1.0
3,200,10,0,1,0.8947368421052632,0.7738095238095238
3,200,10,0,2,0.9210526315789473,0.835710894037345
3,200,10,0,3,0.8947368421052632,0.7850960525237098
3,200,10,0,4,0.972972972972973,0.9448564034753673
3,200,10,0,0,0.9210526315789473,0.8512565307587486
3,200,10,0,1,0.9210526315789473,0.8341403959394523
3,200,10,0,2,0.9736842105263158,0.9457507306074072
3,200,10,0,3,0.9210526315789473,0.8291617197562594
3,200,10,0,4,0.9210526315789473,0.8341403959394523
3,200,10,0,0,0.8947368421052632,0.7797101449275362
3,200,10,0,1,0.8947368421052632,0.8050764858994133
3,200,10,0,2,0.9736842105263158,0.9441549509633318
3,200,10,0,3,0.9210526315789473,0.835710894037345
3,200,10,0,4,1.0,1.0
3,200,10,1,0,1.0,1.0
3,200,10,1,1,0.8947368421052632,0.7738095238095238
3,200,10,1,2,0.9210526315789473,0.835710894037345
3,200,10,1,3,0.8947368421052632,0.7850960525237098
3,200,10,1,4,0.972972972972973,0.9448564034753673
3,200,10,1,0,0.9210526315789473,0.8379188724993879
3,200,10,1,1,0.8947368421052632,0.8050764858994133
3,200,10,1,2,0.9736842105263158,0.9441549509633318
3,200,10,1,3,0.9473684210526315,0.8894991799933215
3,200,10,1,4,1.0,1.0
3,200,10,1,0,0.9210526315789473,0.8512565307587486
3,200,10,1,1,0.9210526315789473,0.8341403959394523
3,200,10,1,2,0.9736842105263158,0.9457507306074072
3,200,10,1,3,0.9210526315789473,0.8291617197562594
3,200,10,1,4,0.9210526315789473,0.8341403959394523
3,200,10,2,0,0.9210526315789473,0.8379188724993879
3,200,10,2,1,0.8947368421052632,0.8050764858994133
3,200,10,2,2,1.0,1.0
3,200,10,2,3,0.9473684210526315,0.8894991799933215
3,200,10,2,4,1.0,1.0
3,200,10,2,0,0.9210526315789473,0.8512565307587486
3,200,10,2,1,0.9210526315789473,0.8341403959394523
3,200,10,2,2,0.9736842105263158,0.9457507306074072
3,200,10,2,3,0.9210526315789473,0.8291617197562594
3,200,10,2,4,0.9210526315789473,0.8341403959394523
3,200,10,2,0,1.0,1.0
3,200,10,2,1,0.8947368421052632,0.7738095238095238
3,200,10,2,2,0.9210526315789473,0.835710894037345
3,200,10,2,3,0.8947368421052632,0.7850960525237098
3,200,10,2,4,0.9459459459459459,0.893819357296686
5,5,10,0,0,0.8695652173913043,0.7237925541034954
5,5,10,0,1,0.9565217391304348,0.9108400680852976
5,5,10,0,2,0.9130434782608695,0.8174603174603174
5,5,10,0,3,0.9565217391304348,0.9108400680852976
5,5,10,0,4,0.9090909090909091,0.8035714285714286
5,5,10,0,0,0.8695652173913043,0.7344646618036428
5,5,10,0,1,0.9130434782608695,0.8374357893586237
5,5,10,0,2,0.9130434782608695,0.8083333333333333
5,5,10,0,3,0.782608695652174,0.580023075124402
5,5,10,0,4,1.0,1.0
5,5,10,0,0,0.9565217391304348,0.9108400680852976
5,5,10,0,1,0.9565217391304348,0.9108400680852976
5,5,10,0,2,0.8695652173913043,0.7237925541034954
5,5,10,0,3,0.9545454545454546,0.903696114115064
5,5,10,0,4,0.9545454545454546,0.903696114115064
5,5,10,0,0,0.8695652173913043,0.7237925541034954
5,5,10,0,1,0.9565217391304348,0.9108400680852976
5,5,10,0,2,0.9130434782608695,0.8174603174603174
5,5,10,0,3,0.9565217391304348,0.9108400680852976
5,5,10,0,4,0.9090909090909091,0.8035714285714286
5,5,10,0,0,0.9565217391304348,0.9108400680852976
5,5,10,0,1,0.9565217391304348,0.9141741003300661
5,5,10,0,2,0.9130434782608695,0.8249579113843055
5,5,10,0,3,0.782608695652174,0.5367450401216932
5,5,10,0,4,0.9545454545454546,0.9085135251589959
5,5,10,0,0,0.8260869565217391,0.6349206349206349
5,5,10,0,1,0.8695652173913043,0.7344646618036428
5,5,10,0,2,0.9130434782608695,0.8083333333333333
5,5,10,0,3,0.8695652173913043,0.7073171983259131
5,5,10,0,4,1.0,1.0
5,5,10,0,0,0.9565217391304348,0.9108400680852976
5,5,10,0,1,0.9565217391304348,0.9108400680852976
5,5,10,0,2,0.8695652173913043,0.7237925541034954
5,5,10,0,3,0.9545454545454546,0.903696114115064
5,5,10,0,4,0.9545454545454546,0.903696114115064
5,5,10,0,0,0.8695652173913043,0.7344646618036428
5,5,10,0,1,0.9130434782608695,0.8374357893586237
5,5,10,0,2,0.9130434782608695,0.8083333333333333
5,5,10,0,3,0.782608695652174,0.580023075124402
5,5,10,0,4,1.0,1.0
5,5,10,0,0,0.8260869565217391,0.6349206349206349
5,5,10,0,1,0.8695652173913043,0.7344646618036428
5,5,10,0,2,0.9130434782608695,0.8083333333333333
5,5,10,0,3,0.8695652173913043,0.7073171983259131
5,5,10,0,4,1.0,1.0
5,5,10,0,0,0.9565217391304348,0.9108400680852976
5,5,10,0,1,0.9565217391304348,0.9141741003300661
5,5,10,0,2,0.9130434782608695,0.8249579113843055
5,5,10,0,3,0.782608695652174,0.5367450401216932
5,5,10,0,4,0.9545454545454546,0.9085135251589959
5,5,10,1,0,0.9130434782608695,0.8174603174603174
5,5,10,1,1,1.0,1.0
5,5,10,1,2,0.8695652173913043,0.7344646618036428
5,5,10,1,3,1.0,1.0
5,5,10,1,4,0.9090909090909091,0.8100925873009825
5,5,10,1,0,0.9130434782608695,0.8249579113843055
5,5,10,1,1,0.9565217391304348,0.9108400680852976
5,5,10,1,2,0.782608695652174,0.5367450401216932
5,5,10,1,3,0.9545454545454546,0.903696114115064
5,5,10,1,4,0.9545454545454546,0.903696114115064
5,5,10,1,0,0.9130434782608695,0.8174603174603174
5,5,10,1,1,0.9565217391304348,0.9141741003300661
5,5,10,1,2,0.9130434782608695,0.8174603174603174
5,5,10,1,3,0.9565217391304348,0.90571104663684
5,5,10,1,4,1.0,1.0
5,5,10,1,0,0.8260869565217391,0.6349206349206349
5,5,10,1,1,0.9565217391304348,0.9141741003300661
5,5,10,1,2,0.9130434782608695,0.8083333333333333
5,5,10,1,3,0.9565217391304348,0.90571104663684
5,5,10,1,4,0.9545454545454546,0.903696114115064
5,5,10,1,0,0.9565217391304348,0.9108400680852976
5,5,10,1,1,0.9130434782608695,0.8374357893586237
5,5,10,1,2,0.8695652173913043,0.7237925541034954
5,5,10,1,3,0.9565217391304348,0.90571104663684
5,5,10,1,4,0.9545454545454546,0.903696114115064
5,5,10,2,0,0.9130434782608695,0.8174603174603174
5,5,10,2,1,0.8695652173913043,0.7237925541034954
5,5,10,2,2,0.9130434782608695,0.8174603174603174
5,5,10,2,3,0.9130434782608695,0.8134892168199607
5,5,10,2,4,0.9090909090909091,0.8035714285714286
5,5,10,2,0,0.9130434782608695,0.8249579113843055
5,5,10,2,1,0.9565217391304348,0.9108400680852976
5,5,10,2,2,0.7391304347826086,0.425
5,5,10,2,3,0.9090909090909091,0.8100925873009825
5,5,10,2,4,0.9545454545454546,0.903696114115064
5,5,10,2,0,0.782608695652174,0.5547552232772196
5,5,10,2,1,0.9565217391304348,0.9141741003300661
5,5,10,2,2,0.8695652173913043,0.7237925541034954
5,5,10,2,3,0.8260869565217391,0.6055975280770818
5,5,10,2,4,0.9545454545454546,0.903696114115064
5,5,10,2,0,0.8260869565217391,0.6349206349206349
5,5,10,2,1,1.0,1.0
5,5,10,2,2,0.8260869565217391,0.6590929823655834
5,5,10,2,3,0.9565217391304348,0.9108400680852976
5,5,10,2,4,0.9545454545454546,0.903696114115064
5,5,10,2,0,1.0,1.0
5,5,10,2,1,0.9130434782608695,0.8374357893586237
5,5,10,2,2,0.9565217391304348,0.90571104663684
5,5,10,2,3,0.9130434782608695,0.8083333333333333
5,5,10,2,4,0.9090909090909091,0.8100925873009825
5,10,10,0,0,0.9565217391304348,0.9108400680852976
5,10,10,0,1,0.9565217391304348,0.9108400680852976
5,10,10,0,2,0.8260869565217391,0.6485190229106029
5,10,10,0,3,1.0,1.0
5,10,10,0,4,0.9545454545454546,0.903696114115064
5,10,10,0,0,0.9130434782608695,0.8174603174603174
5,10,10,0,1,0.9565217391304348,0.9141741003300661
5,10,10,0,2,0.9565217391304348,0.9108400680852976
5,10,10,0,3,0.8260869565217391,0.6485190229106029
5,10,10,0,4,0.9545454545454546,0.9085135251589959
5,10,10,0,0,0.7391304347826086,0.4523809523809524
5,10,10,0,1,0.9565217391304348,0.9141741003300661
5,10,10,0,2,0.9130434782608695,0.8083333333333333
5,10,10,0,3,0.9130434782608695,0.8083333333333333
5,10,10,0,4,1.0,1.0
5,10,10,0,0,1.0,1.0
5,10,10,0,1,1.0,1.0
5,10,10,0,2,0.9565217391304348,0.9141741003300661
5,10,10,0,3,0.9565217391304348,0.9108400680852976
5,10,10,0,4,0.8636363636363636,0.7163279717599775
5,10,10,0,0,0.9130434782608695,0.8249579113843055
5,10,10,0,1,0.9130434782608695,0.8374357893586237
5,10,10,0,2,0.9130434782608695,0.8083333333333333
5,10,10,0,3,0.782608695652174,0.580023075124402
5,10,10,0,4,1.0,1.0
5,10,10,1,0,0.9130434782608695,0.8249579113843055
5,10,10,1,1,0.9565217391304348,0.9108400680852976
5,10,10,1,2,0.8260869565217391,0.6485190229106029
5,10,10,1,3,1.0,1.0
5,10,10,1,4,0.9545454545454546,0.903696114115064
5,10,10,1,0,0.8260869565217391,0.6349206349206349
5,10,10,1,1,0.9565217391304348,0.9141741003300661
5,10,10,1,2,0.9130434782608695,0.8083333333333333
5,10,10,1,3,0.9130434782608695,0.8134892168199607
5,10,10,1,4,0.9545454545454546,0.903696114115064
5,10,10,1,0,0.9565217391304348,0.9141741003300661
5,10,10,1,1,1.0,1.0
5,10,10,1,2,0.9130434782608695,0.8374357893586237
5,10,10,1,3,0.9565217391304348,0.9108400680852976
5,10,10,1,4,0.9090909090909091,0.8100925873009825
5,10,10,1,0,0.9130434782608695,0.8174603174603174
5,10,10,1,1,0.9130434782608695,0.8374357893586237
5,10,10,1,2,0.8695652173913043,0.7237925541034954
5,10,10,1,3,0.9565217391304348,0.9108400680852976
5,10,10,1,4,1.0,1.0
5,10,10,1,0,0.9565217391304348,0.9141741003300661
5,10,10,1,1,0.9130434782608695,0.8374357893586237
5,10,10,1,2,0.9130434782608695,0.8174603174603174
5,10,10,1,3,0.8695652173913043,0.7237925541034954
5,10,10,1,4,0.9545454545454546,0.9085135251589959
5,10,10,2,0,0.9130434782608695,0.8174603174603174
5,10,10,2,1,0.9565217391304348,0.9141741003300661
5,10,10,2,2,0.9130434782608695,0.8174603174603174
5,10,10,2,3,0.9130434782608695,0.8134892168199607
5,10,10,2,4,0.9090909090909091,0.8035714285714286
5,10,10,2,0,0.782608695652174,0.5547552232772196
5,10,10,2,1,0.9565217391304348,0.9108400680852976
5,10,10,2,2,0.9130434782608695,0.8083333333333333
5,10,10,2,3,0.782608695652174,0.5089233500149862
5,10,10,2,4,1.0,1.0
5,10,10,2,0,1.0,1.0
5,10,10,2,1,0.9565217391304348,0.9141741003300661
5,10,10,2,2,0.9565217391304348,0.90571104663684
5,10,10,2,3,0.9130434782608695,0.8083333333333333
5,10,10,2,4,0.9545454545454546,0.903696114115064
5,10,10,2,0,0.9565217391304348,0.9108400680852976
5,10,10,2,1,0.9565217391304348,0.9108400680852976
5,10,10,2,2,0.8260869565217391,0.6485190229106029
5,10,10,2,3,0.9545454545454546,0.903696114115064
5,10,10,2,4,0.9545454545454546,0.903696114115064
5,10,10,2,0,0.8695652173913043,0.7344646618036428
5,10,10,2,1,0.9565217391304348,0.9108400680852976
5,10,10,2,2,0.8260869565217391,0.6349206349206349
5,10,10,2,3,1.0,1.0
5,10,10,2,4,0.9545454545454546,0.903696114115064
5,50,10,0,0,0.9130434782608695,0.8174603174603174
5,50,10,0,1,0.9565217391304348,0.9141741003300661
5,50,10,0,2,0.9130434782608695,0.8249579113843055
5,50,10,0,3,0.8695652173913043,0.7073171983259131
5,50,10,0,4,0.9545454545454546,0.9085135251589959
5,50,10,0,0,0.782608695652174,0.5547552232772196
5,50,10,0,1,0.9130434782608695,0.8174603174603174
5,50,10,0,2,0.9130434782608695,0.8083333333333333
5,50,10,0,3,0.8695652173913043,0.7073171983259131
5,50,10,0,4,1.0,1.0
5,50,10,0,0,0.8695652173913043,0.7344646618036428
5,50,10,0,1,0.9565217391304348,0.9108400680852976
5,50,10,0,2,0.9565217391304348,0.9141741003300661
5,50,10,0,3,1.0,1.0
5,50,10,0,4,0.8636363636363636,0.7008255578851517
5,50,10,0,0,0.9565217391304348,0.9108400680852976
5,50,10,0,1,0.9130434782608695,0.8374357893586237
5,50,10,0,2,0.9130434782608695,0.8083333333333333
5,50,10,0,3,1.0,1.0
5,50,10,0,4,1.0,1.0
5,50,10,0,0,0.9130434782608695,0.8249579113843055
5,50,10,0,1,1.0,1.0
5,50,10,0,2,0.8260869565217391,0.6485190229106029
5,50,10,0,3,0.9545454545454546,0.903696114115064
5,50,10,0,4,0.9090909090909091,0.8035714285714286
5,50,10,1,0,0.782608695652174,0.5547552232772196
5,50,10,1,1,0.9130434782608695,0.8174603174603174
5,50,10,1,2,0.9130434782608695,0.8083333333333333
5,50,10,1,3,0.9130434782608695,0.8083333333333333
5,50,10,1,4,0.9545454545454546,0.903696114115064
5,50,10,1,0,0.8695652173913043,0.7237925541034954
5,50,10,1,1,0.9565217391304348,0.9108400680852976
5,50,10,1,2,0.9130434782608695,0.8374357893586237
5,50,10,1,3,0.9565217391304348,0.9108400680852976
5,50,10,1,4,0.9090909090909091,0.8100925873009825
5,50,10,1,0,0.9130434782608695,0.8174603174603174
5,50,10,1,1,0.9565217391304348,0.9141741003300661
5,50,10,1,2,0.9130434782608695,0.8174603174603174
5,50,10,1,3,0.9130434782608695,0.8083333333333333
5,50,10,1,4,1.0,1.0
5,50,10,1,0,0.9565217391304348,0.9108400680852976
5,50,10,1,1,0.8695652173913043,0.7676494735787384
5,50,10,1,2,0.9130434782608695,0.8083333333333333
5,50,10,1,3,0.9565217391304348,0.9108400680852976
5,50,10,1,4,1.0,1.0
5,50,10,1,0,0.8695652173913043,0.7409585736349484
5,50,10,1,1,1.0,1.0
5,50,10,1,2,0.782608695652174,0.580023075124402
5,50,10,1,3,0.9545454545454546,0.903696114115064
5,50,10,1,4,0.9545454545454546,0.903696114115064
5,50,10,2,0,0.9565217391304348,0.9108400680852976
5,50,10,2,1,1.0,1.0
5,50,10,2,2,0.782608695652174,0.580023075124402
5,50,10,2,3,0.9545454545454546,0.903696114115064
5,50,10,2,4,0.9545454545454546,0.903696114115064
5,50,10,2,0,0.9130434782608695,0.8174603174603174
5,50,10,2,1,0.9565217391304348,0.9108400680852976
5,50,10,2,2,0.9130434782608695,0.8374357893586237
5,50,10,2,3,0.9565217391304348,0.9108400680852976
5,50,10,2,4,0.9090909090909091,0.8100925873009825
5,50,10,2,0,0.9130434782608695,0.8174603174603174
5,50,10,2,1,0.9565217391304348,0.9141741003300661
5,50,10,2,2,0.9130434782608695,0.8174603174603174
5,50,10,2,3,0.9130434782608695,0.8083333333333333
5,50,10,2,4,0.9090909090909091,0.8035714285714286
5,50,10,2,0,0.7391304347826086,0.4523809523809524
5,50,10,2,1,0.9130434782608695,0.8174603174603174
5,50,10,2,2,0.9130434782608695,0.8083333333333333
5,50,10,2,3,0.9130434782608695,0.8083333333333333
5,50,10,2,4,0.9545454545454546,0.903696114115064
5,50,10,2,0,0.9565217391304348,0.9108400680852976
5,50,10,2,1,0.9130434782608695,0.8374357893586237
5,50,10,2,2,0.9130434782608695,0.8083333333333333
5,50,10,2,3,0.9130434782608695,0.8326663997864532
5,50,10,2,4,1.0,1.0
5,100,3,0,0,0.9130434782608695,0.8174603174603174
5,100,3,0,1,0.9565217391304348,0.9141741003300661
5,100,3,0,2,0.9565217391304348,0.9108400680852976
5,100,3,0,3,0.9565217391304348,0.90571104663684
5,100,3,0,4,0.9545454545454546,0.9085135251589959
5,100,3,0,0,0.8695652173913043,0.7237925541034954
5,100,3,0,1,0.9565217391304348,0.9108400680852976
5,100,3,0,2,0.9130434782608695,0.8374357893586237
5,100,3,0,3,1.0,1.0
5,100,3,0,4,0.8636363636363636,0.7008255578851517
5,100,3,0,0,0.9130434782608695,0.8249579113843055
5,100,3,0,1,1.0,1.0
5,100,3,0,2,0.8260869565217391,0.6485190229106029
5,100,3,0,3,0.9545454545454546,0.903696114115064
5,100,3,0,4,0.9545454545454546,0.903696114115064
5,100,3,0,0,0.782608695652174,0.5547552232772196
5,100,3,0,1,0.9130434782608695,0.8174603174603174
5,100,3,0,2,0.9130434782608695,0.8083333333333333
5,100,3,0,3,0.8260869565217391,0.6055975280770818
5,100,3,0,4,1.0,1.0
5,100,3,0,0,0.9565217391304348,0.9108400680852976
5,100,3,0,1,0.9130434782608695,0.8374357893586237
5,100,3,0,2,0.9130434782608695,0.8083333333333333
5,100,3,0,3,0.9565217391304348,0.90571104663684
5,100,3,0,4,1.0,1.0
5,100,3,2,0,0.7391304347826086,0.4523809523809524
5,100,3,2,1,0.9130434782608695,0.8174603174603174
5,100,3,2,2,0.9130434782608695,0.8083333333333333
5,100,3,2,3,0.9130434782608695,0.8083333333333333
5,100,3,2,4,0.9545454545454546,0.903696114115064
5,100,3,2,0,0.9130434782608695,0.8174603174603174
5,100,3,2,1,0.9130434782608695,0.8174603174603174
5,100,3,2,2,0.9130434782608695,0.8174603174603174
5,100,3,2,3,0.9130434782608695,0.8083333333333333
5,100,3,2,4,0.9545454545454546,0.9085135251589959
5,100,3,2,0,0.9130434782608695,0.8174603174603174
5,100,3,2,1,0.9565217391304348,0.9108400680852976
5,100,3,2,2,0.9130434782608695,0.8374357893586237
5,100,3,2,3,1.0,1.0
5,100,3,2,4,0.9090909090909091,0.8100925873009825
5,100,3,2,0,0.9130434782608695,0.8249579113843055
5,100,3,2,1,1.0,1.0
5,100,3,2,2,0.8260869565217391,0.6485190229106029
5,100,3,2,3,0.9545454545454546,0.903696114115064
5,100,3,2,4,0.9545454545454546,0.903696114115064
5,100,3,2,0,0.9565217391304348,0.9108400680852976
5,100,3,2,1,0.9130434782608695,0.8374357893586237
5,100,3,2,2,0.9130434782608695,0.8083333333333333
5,100,3,2,3,0.9130434782608695,0.8326663997864532
5,100,3,2,4,1.0,1.0
5,100,7,0,0,0.7391304347826086,0.4523809523809524
5,100,7,0,1,0.9130434782608695,0.8174603174603174
5,100,7,0,2,0.9130434782608695,0.8083333333333333
5,100,7,0,3,0.8695652173913043,0.7073171983259131
5,100,7,0,4,1.0,1.0
5,100,7,0,0,0.9565217391304348,0.9108400680852976
5,100,7,0,1,0.9130434782608695,0.8374357893586237
5,100,7,0,2,0.9565217391304348,0.90571104663684
5,100,7,0,3,0.9565217391304348,0.90571104663684
5,100,7,0,4,1.0,1.0
5,100,7,0,0,0.8695652173913043,0.7237925541034954
5,100,7,0,1,0.9565217391304348,0.9108400680852976
5,100,7,0,2,0.9130434782608695,0.8374357893586237
5,100,7,0,3,1.0,1.0
5,100,7,0,4,0.8636363636363636,0.7008255578851517
5,100,7,0,0,0.9130434782608695,0.8174603174603174
5,100,7,0,1,0.9565217391304348,0.9141741003300661
5,100,7,0,2,0.9565217391304348,0.9108400680852976
5,100,7,0,3,0.9565217391304348,0.90571104663684
5,100,7,0,4,0.9545454545454546,0.9085135251589959
5,100,7,0,0,0.9130434782608695,0.8249579113843055
5,100,7,0,1,1.0,1.0
5,100,7,0,2,0.8260869565217391,0.6485190229106029
5,100,7,0,3,0.9545454545454546,0.903696114115064
5,100,7,0,4,0.9545454545454546,0.903696114115064
5,100,7,1,0,0.9130434782608695,0.8174603174603174
5,100,7,1,1,0.9565217391304348,0.9141741003300661
5,100,7,1,2,0.9130434782608695,0.8174603174603174
5,100,7,1,3,0.9130434782608695,0.8083333333333333
5,100,7,1,4,0.9090909090909091,0.8035714285714286
5,100,7,1,0,0.9565217391304348,0.9108400680852976
5,100,7,1,1,0.9130434782608695,0.8374357893586237
5,100,7,1,2,0.9130434782608695,0.8083333333333333
5,100,7,1,3,0.9565217391304348,0.9108400680852976
5,100,7,1,4,1.0,1.0
5,100,7,1,0,0.8260869565217391,0.6349206349206349
5,100,7,1,1,0.9565217391304348,0.9108400680852976
5,100,7,1,2,0.9130434782608695,0.8374357893586237
5,100,7,1,3,0.9565217391304348,0.9108400680852976
5,100,7,1,4,0.9090909090909091,0.8100925873009825
5,100,7,1,0,0.9130434782608695,0.8249579113843055
5,100,7,1,1,1.0,1.0
5,100,7,1,2,0.8260869565217391,0.6485190229106029
5,100,7,1,3,0.9545454545454546,0.903696114115064
5,100,7,1,4,0.9545454545454546,0.903696114115064
5,100,7,1,0,0.782608695652174,0.5547552232772196
5,100,7,1,1,0.9130434782608695,0.8174603174603174
5,100,7,1,2,0.9130434782608695,0.8083333333333333
5,100,7,1,3,0.8695652173913043,0.7073171983259131
5,100,7,1,4,0.9545454545454546,0.903696114115064
5,100,7,2,0,0.7391304347826086,0.4523809523809524
5,100,7,2,1,0.9130434782608695,0.8174603174603174
5,100,7,2,2,0.9130434782608695,0.8083333333333333
5,100,7,2,3,0.9130434782608695,0.8083333333333333
5,100,7,2,4,0.9545454545454546,0.903696114115064
5,100,7,2,0,0.9565217391304348,0.9108400680852976
5,100,7,2,1,0.9130434782608695,0.8374357893586237
5,100,7,2,2,0.9130434782608695,0.8083333333333333
5,100,7,2,3,0.9130434782608695,0.8326663997864532
5,100,7,2,4,1.0,1.0
5,100,7,2,0,0.9130434782608695,0.8174603174603174
5,100,7,2,1,0.9130434782608695,0.8174603174603174
5,100,7,2,2,0.9130434782608695,0.8174603174603174
5,100,7,2,3,0.9130434782608695,0.8083333333333333
5,100,7,2,4,0.9545454545454546,0.9085135251589959
5,100,7,2,0,0.8695652173913043,0.7344646618036428
5,100,7,2,1,0.9565217391304348,0.9108400680852976
5,100,7,2,2,0.9130434782608695,0.8374357893586237
5,100,7,2,3,1.0,1.0
5,100,7,2,4,0.9090909090909091,0.8100925873009825
5,100,7,2,0,0.9130434782608695,0.8249579113843055
5,100,7,2,1,1.0,1.0
5,100,7,2,2,0.8260869565217391,0.6485190229106029
5,100,7,2,3,0.9545454545454546,0.903696114115064
5,100,7,2,4,0.9545454545454546,0.903696114115064
5,100,10,0,0,0.9130434782608695,0.8249579113843055
5,100,10,0,1,1.0,1.0
5,100,10,0,2,0.8260869565217391,0.6485190229106029
5,100,10,0,3,0.9545454545454546,0.903696114115064
5,100,10,0,4,0.9545454545454546,0.903696114115064
5,100,10,0,0,0.7391304347826086,0.4523809523809524
5,100,10,0,1,0.9130434782608695,0.8174603174603174
5,100,10,0,2,0.9130434782608695,0.8083333333333333
5,100,10,0,3,0.8695652173913043,0.7073171983259131
5,100,10,0,4,1.0,1.0
5,100,10,0,0,0.9565217391304348,0.9108400680852976
5,100,10,0,1,0.9130434782608695,0.8374357893586237
5,100,10,0,2,0.9565217391304348,0.90571104663684
5,100,10,0,3,0.9565217391304348,0.90571104663684
5,100,10,0,4,1.0,1.0
5,100,10,0,0,0.9130434782608695,0.8174603174603174
5,100,10,0,1,0.9565217391304348,0.9141741003300661
5,100,10,0,2,0.9565217391304348,0.9108400680852976
5,100,10,0,3,0.9565217391304348,0.90571104663684
5,100,10,0,4,0.9545454545454546,0.9085135251589959
5,100,10,0,0,0.8695652173913043,0.7237925541034954
5,100,10,0,1,0.9565217391304348,0.9108400680852976
5,100,10,0,2,0.9130434782608695,0.8374357893586237
5,100,10,0,3,1.0,1.0
5,100,10,0,4,0.8636363636363636,0.7008255578851517
5,100,10,1,0,0.9130434782608695,0.8174603174603174
5,100,10,1,1,0.9565217391304348,0.9141741003300661
5,100,10,1,2,0.9130434782608695,0.8174603174603174
5,100,10,1,3,0.9130434782608695,0.8083333333333333
5,100,10,1,4,0.9090909090909091,0.8035714285714286
5,100,10,1,0,0.9565217391304348,0.9108400680852976
5,100,10,1,1,0.9130434782608695,0.8374357893586237
5,100,10,1,2,0.9130434782608695,0.8083333333333333
5,100,10,1,3,0.9565217391304348,0.9108400680852976
5,100,10,1,4,1.0,1.0
5,100,10,1,0,0.8260869565217391,0.6349206349206349
5,100,10,1,1,0.9565217391304348,0.9108400680852976
5,100,10,1,2,0.9130434782608695,0.8374357893586237
5,100,10,1,3,0.9565217391304348,0.9108400680852976
5,100,10,1,4,0.9090909090909091,0.8100925873009825
5,100,10,1,0,0.9130434782608695,0.8249579113843055
5,100,10,1,1,1.0,1.0
5,100,10,1,2,0.8260869565217391,0.6485190229106029
5,100,10,1,3,0.9545454545454546,0.903696114115064
5,100,10,1,4,0.9545454545454546,0.903696114115064
5,100,10,1,0,0.782608695652174,0.5547552232772196
5,100,10,1,1,0.9130434782608695,0.8174603174603174
5,100,10,1,2,0.9130434782608695,0.8083333333333333
5,100,10,1,3,0.8695652173913043,0.7073171983259131
5,100,10,1,4,0.9545454545454546,0.903696114115064
5,100,10,2,0,0.9130434782608695,0.8174603174603174
5,100,10,2,1,0.9130434782608695,0.8174603174603174
5,100,10,2,2,0.9130434782608695,0.8174603174603174
5,100,10,2,3,0.9130434782608695,0.8083333333333333
5,100,10,2,4,0.9545454545454546,0.9085135251589959
5,100,10,2,0,0.9565217391304348,0.9108400680852976
5,100,10,2,1,0.9130434782608695,0.8374357893586237
5,100,10,2,2,0.9130434782608695,0.8083333333333333
5,100,10,2,3,0.9130434782608695,0.8326663997864532
5,100,10,2,4,1.0,1.0
5,100,10,2,0,0.9130434782608695,0.8249579113843055
5,100,10,2,1,1.0,1.0
5,100,10,2,2,0.8260869565217391,0.6485190229106029
5,100,10,2,3,0.9545454545454546,0.903696114115064
5,100,10,2,4,0.9545454545454546,0.903696114115064
5,100,10,2,0,0.8695652173913043,0.7344646618036428
5,100,10,2,1,0.9565217391304348,0.9108400680852976
5,100,10,2,2,0.9130434782608695,0.8374357893586237
5,100,10,2,3,1.0,1.0
5,100,10,2,4,0.9090909090909091,0.8100925873009825
5,100,10,2,0,0.7391304347826086,0.4523809523809524
5,100,10,2,1,0.9130434782608695,0.8174603174603174
5,100,10,2,2,0.9130434782608695,0.8083333333333333
5,100,10,2,3,0.9130434782608695,0.8083333333333333
5,100,10,2,4,0.9545454545454546,0.903696114115064
5,200,10,0,0,0.9565217391304348,0.9108400680852976
5,200,10,0,1,0.9130434782608695,0.8374357893586237
5,200,10,0,2,0.9130434782608695,0.8083333333333333
5,200,10,0,3,1.0,1.0
5,200,10,0,4,1.0,1.0
5,200,10,0,0,0.8695652173913043,0.7237925541034954
5,200,10,0,1,0.9565217391304348,0.9108400680852976
5,200,10,0,2,0.9130434782608695,0.8374357893586237
5,200,10,0,3,1.0,1.0
5,200,10,0,4,0.9090909090909091,0.8100925873009825
5,200,10,0,0,0.7391304347826086,0.4523809523809524
5,200,10,0,1,0.9130434782608695,0.8174603174603174
5,200,10,0,2,0.9130434782608695,0.8083333333333333
5,200,10,0,3,0.8695652173913043,0.7073171983259131
5,200,10,0,4,0.9545454545454546,0.903696114115064
5,200,10,0,0,0.9130434782608695,0.8249579113843055
5,200,10,0,1,1.0,1.0
5,200,10,0,2,0.8260869565217391,0.6485190229106029
5,200,10,0,3,0.9545454545454546,0.903696114115064
5,200,10,0,4,0.9545454545454546,0.903696114115064
5,200,10,0,0,0.9130434782608695,0.8174603174603174
5,200,10,0,1,0.9565217391304348,0.9141741003300661
5,200,10,0,2,0.9130434782608695,0.8174603174603174
5,200,10,0,3,0.9130434782608695,0.8083333333333333
5,200,10,0,4,0.9545454545454546,0.9085135251589959
5,200,10,1,0,0.9130434782608695,0.8174603174603174
5,200,10,1,1,0.9565217391304348,0.9141741003300661
5,200,10,1,2,0.9130434782608695,0.8174603174603174
5,200,10,1,3,0.9130434782608695,0.8083333333333333
5,200,10,1,4,0.9090909090909091,0.8035714285714286
5,200,10,1,0,0.9565217391304348,0.9108400680852976
5,200,10,1,1,0.9130434782608695,0.8374357893586237
5,200,10,1,2,0.9130434782608695,0.8083333333333333
5,200,10,1,3,0.9565217391304348,0.90571104663684
5,200,10,1,4,1.0,1.0
5,200,10,1,0,0.9130434782608695,0.8249579113843055
5,200,10,1,1,1.0,1.0
5,200,10,1,2,0.8260869565217391,0.6485190229106029
5,200,10,1,3,0.9545454545454546,0.903696114115064
5,200,10,1,4,0.9545454545454546,0.903696114115064
5,200,10,1,0,0.8260869565217391,0.6349206349206349
5,200,10,1,1,0.9565217391304348,0.9108400680852976
5,200,10,1,2,0.9130434782608695,0.8374357893586237
5,200,10,1,3,0.9565217391304348,0.9108400680852976
5,200,10,1,4,0.9090909090909091,0.8100925873009825
5,200,10,1,0,0.782608695652174,0.5547552232772196
5,200,10,1,1,0.9130434782608695,0.8174603174603174
5,200,10,1,2,0.9130434782608695,0.8083333333333333
5,200,10,1,3,0.8695652173913043,0.7073171983259131
5,200,10,1,4,0.9545454545454546,0.903696114115064
5,200,10,2,0,0.8695652173913043,0.7237925541034954
5,200,10,2,1,0.9565217391304348,0.9108400680852976
5,200,10,2,2,0.9130434782608695,0.8374357893586237
5,200,10,2,3,0.9565217391304348,0.9108400680852976
5,200,10,2,4,0.9090909090909091,0.8100925873009825
5,200,10,2,0,0.9565217391304348,0.9108400680852976
5,200,10,2,1,0.9130434782608695,0.8374357893586237
5,200,10,2,2,0.9130434782608695,0.8083333333333333
5,200,10,2,3,0.9130434782608695,0.8326663997864532
5,200,10,2,4,1.0,1.0
5,200,10,2,0,0.9130434782608695,0.8174603174603174
5,200,10,2,1,0.9130434782608695,0.8174603174603174
5,200,10,2,2,0.9130434782608695,0.8174603174603174
5,200,10,2,3,0.9130434782608695,0.8083333333333333
5,200,10,2,4,0.9545454545454546,0.9085135251589959
5,200,10,2,0,0.9130434782608695,0.8249579113843055
5,200,10,2,1,1.0,1.0
5,200,10,2,2,0.8260869565217391,0.6485190229106029
5,200,10,2,3,0.9545454545454546,0.903696114115064
5,200,10,2,4,0.9545454545454546,0.903696114115064
5,200,10,2,0,0.7391304347826086,0.4523809523809524
5,200,10,2,1,0.9130434782608695,0.8174603174603174
5,200,10,2,2,0.9130434782608695,0.8083333333333333
5,200,10,2,3,0.9130434782608695,0.8083333333333333
5,200,10,2,4,0.9545454545454546,0.903696114115064
